chromosome,start,end,strand,embedded_seq,log2_ratio_mean,log2_ratio_std,log2_ratio_count,activity_mean,activity_std,rna_count_sum,dna_count_sum,pool,seq_id
chr11,100720705,100720721,+,AGCTGGGCAAAGGGGA,-0.7648589524788125,0.7518422321999916,547,0.6875718002572277,0.4714682881760773,2079766,3042147,Pool6,chr11:100720705-100720721+
chr13,99262450,99262466,+,AGTAGGGAGAAGGGTA,-0.9042296415076819,0.6583644226371944,196,0.6064926788045233,0.4113932913851565,751457,1260444,Pool6,chr13:99262450-99262466+
chr5,77857361,77857377,-,TGTAGGCCAAAGTGGA,-1.4515198697678555,0.770805991563731,196,0.4272992674717305,0.29056625255285085,308273,600226,Pool6,chr5:77857361-77857377-
chr3,30881175,30881191,+,TCTGGGCAAAAGGGTA,-0.09511384685578479,1.1545952423264765,235,1.3248028607216717,1.3301442646648527,2170548,1724974,Pool6,chr3:30881175-30881191+
chr16,25786848,25786864,-,TGTGGAGGAAAGTGCA,-1.0883653755165037,0.758382318695883,118,0.5540718758844018,0.3957936961626479,335680,615391,Pool6,chr16:25786848-25786864-
chr8,129376257,129376273,-,CAGAGGCCAAAGGGCA,-0.6058868183829371,1.134339623676751,664,0.9296407332970883,0.9512926639383492,3171662,3399962,Pool6,chr8:129376257-129376273-
chr15,67824068,67824084,-,AGTAGGACAGGGGTTA,-2.214873141148868,3.0791478505946643,1081,0.8673660538557542,1.7448538496421062,2058521,1758528,Pool7,chr15:67824068-67824084-
chr13,46069370,46069386,+,TGAAGGTCAGAGTTTA,-0.9219458678531472,1.569363071299354,1081,0.7869406971796743,0.7097949091891343,3517580,4143863,Pool7,chr13:46069370-46069386+
chr5,149764925,149764941,+,AAGAGGGAAAAGGTCA,0.04881869214276677,0.8490446874664266,196,1.2540887063168915,0.9295037488694644,1478304,1193967,Pool6,chr5:149764925-149764941+
chr16,18537915,18537931,+,GCTGGGTGAGAGATCA,-1.7570516061062855,0.3479707587705033,196,0.3051506152049829,0.08793395672077506,241346,810244,Pool6,chr16:18537915-18537931+
chr5,130362871,130362887,+,TCTAGGGAAAAGGTCA,-1.2536940585000407,0.7042865730966235,40,0.46229633068310755,0.19987077258328895,94147,201908,Pool6,chr5:130362871-130362887+
chr9,66727485,66727501,+,AGTGGGGCAGAGGGCA,-0.8062926340358993,1.7339690445443643,1081,0.9271121576174741,0.9887986066581902,4230430,4276628,Pool7,chr9:66727485-66727501+
chr17,86692766,86692782,-,AGTAGGACAGAGGTTA,-1.1707941346334563,0.5321078068590178,235,0.47899190344009374,0.21650213126214554,645314,1388352,Pool6,chr17:86692766-86692782-
chr6,89535948,89535964,-,ACTGGGTTAAAGGCTA,-1.118267523625238,0.5738319291113287,157,0.5030321779052778,0.2508854533077546,293559,593112,Pool6,chr6:89535948-89535964-
chr5,51987228,51987244,-,AGTAGGGGAAAGAGTA,-1.053556023736931,0.6815082132239606,313,0.5392587515569819,0.3015706877296156,856685,1638231,Pool6,chr5:51987228-51987244-
chr5,138648849,138648865,+,GGTGGGTCATGGGGCA,-1.2421706538172463,0.5214443861285981,313,0.45660028986877127,0.23052000436419037,521791,1153613,Pool6,chr5:138648849-138648865+
chr9,31069960,31069976,-,ATTGGGGAGAAGGGCA,-0.38335432190326557,1.1112270276788374,118,1.0419243834234828,0.9080637627418648,791440,796133,Pool6,chr9:31069960-31069976-
chr3,106351263,106351279,-,ATTAGGGCAAAGGTTT,-0.9701400113586421,0.7769146888035803,196,0.6064113560008719,0.46344806604661354,458927,774732,Pool6,chr3:106351263-106351279-
